Workbook

Sheet Instructions
A1: Perform the following in the dataset from the 'Dataset' sheet.
B3: 1) Handling Missing Values:
C4: • Check for missing values in the 'Price' column. How would you handle products with missing price information?
C5: • If there are products with missing categories, propose a strategy to impute or deal with these missing values effectively.
B7: 2) Correcting Inconsistent Data:
C8: • Identify any inconsistent text formats present in the "Product Name" column.
C9: • Identify any typos present in the "Category" column.
C10: • Use the find and replace function to standardize the text formats in the "Product Name" column and fix any typos or misspellings in the "Category" column.
B12: 3) Removing Duplicates:
C13: • Identify any duplicate rows within the dataset based on the entirety of each row, and remove them if any.
B15: 4) Splitting and Merging Data:
C16: • Split the "Product ID" column into two separate columns for " Manufacturing Date" and "Country Code". Remove unnecessary characters, if any.
C17: • Merge the "Brand Name" and "Product Name" columns into one column named "Product Brand".
B19: 5) Number Formatting:
C20: • Format the data type of the "Price" column to currency format.
C21: • Format the "Manufacturing Date" column to display dates in the "DD-MM-YYYY " format.
B23: 6) Conditional Formatting:
C24: • Apply data bar or color scales conditional formatting in the "Price" column.
C25: • Create a custom rule for conditional formatting in the "Category" column to highlight cells where the category is "Electronics."

Sheet Dataset
A1: Product ID | B1: Product Name | C1: Brand Name | D1: Price ($) | E1: Quantity | F1: Category
A2: 28-JAN-US | B2: laptop | C2: Dell | D2: 1000 | E2: 30 | F2: Electronics
A3: 15-FEB-US | B3: Sneakers | C3: Nike | D3: 80 | E3: 15 | F3: Fashion
A4: 03-MAR-US | B4: Coffee Maker | C4: Keurig | D4: 130 | E4: 40 | F4: Kitchen
A5: 11-APR-US | B5: smartphone | C5: Samsung | D5: 900 | E5: 25 | F5: Electronics
A6: 22-MAY-US | B6: Backpack | C6: North Face | D6: 70 | E6: 20
A7: 07-JUN-UK | B7: Headphones | C7: Sony | E7: 45 | F7: Electroni
A8: 19-JUL-UK | B8: T-shirt | C8: Adidas | D8: 30 | E8: 5 | F8: Fashion
A9: 23-AUG-UK | B9: Blender | C9: Ninja | D9: 90 | E9: 35 | F9: Kitchen
A10: 05-SEP-UK | B10: Tablet | C10: Apple | D10: 500 | E10: 50 | F10: Electronics
A11: 14-OCT-UK | B11: Hiking Boots | C11: Timberland | D11: 130 | E11: 10 | F11: Outdoor
A12: 17-JUN-IN | B12: Laptop | C12: HP | D12: 950 | E12: 25 | F12: Electronics
A13: 25-NOV-AU | B13: Sneakers | C13: Adidas | D13: 90 | E13: 40
A14: 08-DEC-DE | B14: Coffee Maker | C14: Nespresso | D14: 120 | E14: 35
A15: 18-FEB-CA | B15: Smartwatch | C15: Fitbit | D15: 150 | E15: 15 | F15: Electronics
A16: 16-APR-ES | B16: headphones | C16: Bose | D16: 250 | E16: 20 | F16: Electroni
A17: 21-AUG-CA | B17: Laptop Bag | C17: Samsonite | D17: 50 | E17: 35 | F17: Accessories
A18: 20-AUG-CN | B18: Smartwatch | C18: Huawei | D18: 160 | E18: 15 | F18: Electroni
A19: 27-JAN-IT | B19: laptop | C19: Asus | D19: 980 | E19: 10 | F19: Electronics
A20: 01-MAR-UK | B20: Sunglasses | C20: Oakley | D20: 150 | E20: 15 | F20: Fashion
A21: 14-AUG-US | B21: Camping Tent | C21: Coleman | E21: 10 | F21: Outdoor
A22: 14-MAY-RU | B22: Camera | C22: Nikon | D22: 700 | E22: 50 | F22: Electronics
A23: 09-JAN-CA | B23: Microwave | C23: Panasonic | D23: 80 | E23: 20 | F23: Kitchen
A24: 19-JUL-BR | B24: Fitness Tracker | C24: Xiaomi | D24: 150 | E24: 30
A25: 29-SEP-CA | B25: Smartphone | C25: Google | D25: 800 | E25: 45 | F25: Electronics
A26: 03-JUN-CA | B26: Sunglasses | C26: Ray-Ban | E26: 25 | F26: Fashion
A27: 11-JUL-CA | B27: Blender | C27: Vitamix | D27: 400 | E27: 40 | F27: Kitchen
A28: 07-MAR-CA | B28: Dress | C28: Zara | D28: 60 | E28: 30 | F28: Fashion
A29: 13-APR-CA | B29: Toaster | C29: Hamilton | D29: 40 | E29: 10 | F29: Kitchen
A30: 24-MAY-CA | B30: Fitness Tracker | C30: Garmin | D30: 130 | E30: 5 | F30: Electronics
A31: 02-DEC-CA | B31: Jeans | C31: Levi's | D31: 50 | E31: 50 | F31: Fashion
A32: 09-JUL-FR | B32: Watch | C32: Casio | D32: 100 | E32: 20 | F32: Accessories

Sheet Dataset Answer
A2: Handling Missing Values | D2: Correcting Inconsistent Data | G2: Splitting and Merging Data | K2: Number Formatting | N2: Conditional Formatting
A4: Price ($) | B4: Category | D4: Product Name | E4: Category | G4: Manufacturing Date | H4: Country Code | I4: ProductBrand | K4: Price($) | L4: Manufacturing Date | N4: Price ($) | O4: Category
A5: =IF(ISBLANK(Dataset!D2),AVERAGE(Dataset!$D$2:$D$32),Dataset!D2) -> 1000 | B5: =IF(ISBLANK(Dataset!F2),"unknown",Dataset!F2) -> Electronics | D5: Laptop | E5: Electronics | G5: =LEFT(Dataset!A2,LEN(Dataset!A2)-3) -> 28-JAN | H5: =RIGHT(Dataset!A2,LEN(Dataset!A2)-7) -> US | I5: =CONCATENATE(Table2[[#This Row],[Product Name]],"-",Dataset!C2) -> Laptop-Dell | K5: 1000 | L5: 45685 | N5: 1000 | O5: Electronics
A6: =IF(ISBLANK(Dataset!D3),AVERAGE(Dataset!$D$2:$D$32),Dataset!D3) -> 80 | B6: =IF(ISBLANK(Dataset!F3),"unknown",Dataset!F3) -> Fashion | D6: Sneakers | E6: Fashion | G6: =LEFT(Dataset!A3,LEN(Dataset!A3)-3) -> 15-FEB | H6: =RIGHT(Dataset!A3,LEN(Dataset!A3)-7) -> US | I6: =CONCATENATE(Table2[[#This Row],[Product Name]],"-",Dataset!C3) -> Sneakers-Nike | K6: 80 | L6: 45703 | N6: 80 | O6: Fashion
A7: =IF(ISBLANK(Dataset!D4),AVERAGE(Dataset!$D$2:$D$32),Dataset!D4) -> 130 | B7: =IF(ISBLANK(Dataset!F4),"unknown",Dataset!F4) -> Kitchen | D7: Coffee Maker | E7: Kitchen | G7: =LEFT(Dataset!A4,LEN(Dataset!A4)-3) -> 03-MAR | H7: =RIGHT(Dataset!A4,LEN(Dataset!A4)-7) -> US | I7: =CONCATENATE(Table2[[#This Row],[Product Name]],"-",Dataset!C4) -> Coffee Maker-Keurig | K7: 130 | L7: 45719 | N7: 130 | O7: Kitchen
A8: =IF(ISBLANK(Dataset!D5),AVERAGE(Dataset!$D$2:$D$32),Dataset!D5) -> 900 | B8: =IF(ISBLANK(Dataset!F5),"unknown",Dataset!F5) -> Electronics | D8: Smartphone | E8: Electronics | G8: =LEFT(Dataset!A5,LEN(Dataset!A5)-3) -> 11-APR | H8: =RIGHT(Dataset!A5,LEN(Dataset!A5)-7) -> US | I8: =CONCATENATE(Table2[[#This Row],[Product Name]],"-",Dataset!C5) -> Smartphone-Samsung | K8: 900 | L8: 45758 | N8: 900 | O8: Electronics
A9: =IF(ISBLANK(Dataset!D6),AVERAGE(Dataset!$D$2:$D$32),Dataset!D6) -> 70 | B9: =IF(ISBLANK(Dataset!F6),"unknown",Dataset!F6) -> unknown | D9: Backpack | E9: unknown | G9: =LEFT(Dataset!A6,LEN(Dataset!A6)-3) -> 22-MAY | H9: =RIGHT(Dataset!A6,LEN(Dataset!A6)-7) -> US | I9: =CONCATENATE(Table2[[#This Row],[Product Name]],"-",Dataset!C6) -> Backpack-North Face | K9: 70 | L9: 45799 | N9: 70 | O9: unknown
A10: =IF(ISBLANK(Dataset!D7),AVERAGE(Dataset!$D$2:$D$32),Dataset!D7) -> 297.85714 | B10: =IF(ISBLANK(Dataset!F7),"unknown",Dataset!F7) -> Electroni | D10: Headphones | E10: Electronics | G10: =LEFT(Dataset!A7,LEN(Dataset!A7)-3) -> 07-JUN | H10: =RIGHT(Dataset!A7,LEN(Dataset!A7)-7) -> UK | I10: =CONCATENATE(Table2[[#This Row],[Product Name]],"-",Dataset!C7) -> Headphones-Sony | K10: 297.85714 | L10: 45815 | N10: 297.85714 | O10: Electronics
A11: =IF(ISBLANK(Dataset!D8),AVERAGE(Dataset!$D$2:$D$32),Dataset!D8) -> 30 | B11: =IF(ISBLANK(Dataset!F8),"unknown",Dataset!F8) -> Fashion | D11: T-shirt | E11: Fashion | G11: =LEFT(Dataset!A8,LEN(Dataset!A8)-3) -> 19-JUL | H11: =RIGHT(Dataset!A8,LEN(Dataset!A8)-7) -> UK | I11: =CONCATENATE(Table2[[#This Row],[Product Name]],"-",Dataset!C8) -> T-shirt-Adidas | K11: 30 | L11: 45857 | N11: 30 | O11: Fashion
A12: =IF(ISBLANK(Dataset!D9),AVERAGE(Dataset!$D$2:$D$32),Dataset!D9) -> 90 | B12: =IF(ISBLANK(Dataset!F9),"unknown",Dataset!F9) -> Kitchen | D12: Blender | E12: Kitchen | G12: =LEFT(Dataset!A9,LEN(Dataset!A9)-3) -> 23-AUG | H12: =RIGHT(Dataset!A9,LEN(Dataset!A9)-7) -> UK | I12: =CONCATENATE(Table2[[#This Row],[Product Name]],"-",Dataset!C9) -> Blender-Ninja | K12: 90 | L12: 45892 | N12: 90 | O12: Kitchen
A13: =IF(ISBLANK(Dataset!D10),AVERAGE(Dataset!$D$2:$D$32),Dataset!D10) -> 500 | B13: =IF(ISBLANK(Dataset!F10),"unknown",Dataset!F10) -> Electronics | D13: Tablet | E13: Electronics | G13: =LEFT(Dataset!A10,LEN(Dataset!A10)-3) -> 05-SEP | H13: =RIGHT(Dataset!A10,LEN(Dataset!A10)-7) -> UK | I13: =CONCATENATE(Table2[[#This Row],[Product Name]],"-",Dataset!C10) -> Tablet-Apple | K13: 500 | L13: 45905 | N13: 500 | O13: Electronics
A14: =IF(ISBLANK(Dataset!D11),AVERAGE(Dataset!$D$2:$D$32),Dataset!D11) -> 130 | B14: =IF(ISBLANK(Dataset!F11),"unknown",Dataset!F11) -> Outdoor | D14: Hiking Boots | E14: Outdoor | G14: =LEFT(Dataset!A11,LEN(Dataset!A11)-3) -> 14-OCT | H14: =RIGHT(Dataset!A11,LEN(Dataset!A11)-7) -> UK | I14: =CONCATENATE(Table2[[#This Row],[Product Name]],"-",Dataset!C11) -> Hiking Boots-Timberland | K14: 130 | L14: 45944 | N14: 130 | O14: Outdoor
A15: =IF(ISBLANK(Dataset!D12),AVERAGE(Dataset!$D$2:$D$32),Dataset!D12) -> 950 | B15: =IF(ISBLANK(Dataset!F12),"unknown",Dataset!F12) -> Electronics | D15: Laptop | E15: Electronics | G15: =LEFT(Dataset!A12,LEN(Dataset!A12)-3) -> 17-JUN | H15: =RIGHT(Dataset!A12,LEN(Dataset!A12)-7) -> IN | I15: =CONCATENATE(Table2[[#This Row],[Product Name]],"-",Dataset!C12) -> Laptop-HP | K15: 950 | L15: 45825 | N15: 950 | O15: Electronics
A16: =IF(ISBLANK(Dataset!D13),AVERAGE(Dataset!$D$2:$D$32),Dataset!D13) -> 90 | B16: =IF(ISBLANK(Dataset!F13),"unknown",Dataset!F13) -> unknown | D16: Sneakers | E16: unknown | G16: =LEFT(Dataset!A13,LEN(Dataset!A13)-3) -> 25-NOV | H16: =RIGHT(Dataset!A13,LEN(Dataset!A13)-7) -> AU | I16: =CONCATENATE(Table2[[#This Row],[Product Name]],"-",Dataset!C13) -> Sneakers-Adidas | K16: 90 | L16: 45986 | N16: 90 | O16: unknown
... A35: =IF(ISBLANK(Dataset!D32),AVERAGE(Dataset!$D$2:$D$32),Dataset!D32) -> 100 | B35: =IF(ISBLANK(Dataset!F32),"unknown",Dataset!F32) -> Accessories | D35: Watch | E35: Accessories | G35: =LEFT(Dataset!A32,LEN(Dataset!A32)-3) -> 09-JUL | H35: =RIGHT(Dataset!A32,LEN(Dataset!A32)-7) -> FR | I35: =CONCATENATE(Table2[[#This Row],[Product Name]],"-",Dataset!C32) -> Watch-Casio | K35: 100 | L35: 45847 | N35: 100 | O35: Accessories
