Workbook

Sheet Dataset
A1: Product ID | B1: Product Name | C1: Brand Name | D1: Price ($) | E1: Quantity | F1: Category | L1: Price ($) | M1: Price range | O1: Product ID | P1: Day-LEFT | Q1: Country code-RIGHT | R1: Month-MID
A2: 28-JAN-US | B2: Laptop | C2: Dell | D2: 1000 | E2: 30 | F2: Electronics | L2: 1000 | M2: =IF(Dataset!L2>=500,"high price","standard price") -> high price | O2: 28-JAN-US | P2: =LEFT(O2,2) -> 28 | Q2: =RIGHT(O2,2) -> US | R2: =MID(Dataset!O2,4,3) -> JAN
A3: 15-FEB-US | B3: Sneakers | C3: Nike | D3: 80 | E3: 15 | F3: Fashion | L3: 80 | M3: =IF(Dataset!L3>=500,"high price","standard price") -> standard price | O3: 15-FEB-US | P3: =LEFT(O3,2) -> 15 | Q3: =RIGHT(O3,2) -> US | R3: =MID(Dataset!O3,4,3) -> FEB
A4: 03-MAR-US | B4: Coffee Maker | C4: Keurig | D4: 130 | E4: 40 | F4: Kitchen | L4: 130 | M4: =IF(Dataset!L4>=500,"high price","standard price") -> standard price | O4: 03-MAR-US | P4: =LEFT(O4,2) -> 03 | Q4: =RIGHT(O4,2) -> US | R4: =MID(Dataset!O4,4,3) -> MAR
A5: 11-APR-US | B5: Smartphone | C5: Samsung | D5: 900 | E5: 25 | F5: Electronics | L5: 900 | M5: =IF(Dataset!L5>=500,"high price","standard price") -> high price | O5: 11-APR-US | P5: =LEFT(O5,2) -> 11 | Q5: =RIGHT(O5,2) -> US | R5: =MID(Dataset!O5,4,3) -> APR
A6: 22-MAY-US | B6: Backpack | C6: North Face | D6: 70 | E6: 20 | F6: Outdoor | L6: 70 | M6: =IF(Dataset!L6>=500,"high price","standard price") -> standard price | O6: 22-MAY-US | P6: =LEFT(O6,2) -> 22 | Q6: =RIGHT(O6,2) -> US | R6: =MID(Dataset!O6,4,3) -> MAY
A7: 07-JUN-UK | B7: Headphones | C7: Sony | D7: 200 | E7: 45 | F7: Electronics | I7: Total price of the products | J7: =SUM(D:D) -> 10100 | L7: 200 | M7: =IF(Dataset!L7>=500,"high price","standard price") -> standard price | O7: 07-JUN-UK | P7: =LEFT(O7,2) -> 07 | Q7: =RIGHT(O7,2) -> UK | R7: =MID(Dataset!O7,4,3) -> JUN
A8: 19-JUL-UK | B8: T-shirt | C8: Adidas | D8: 30 | E8: 5 | F8: Fashion | L8: 30 | M8: =IF(Dataset!L8>=500,"high price","standard price") -> standard price | O8: 19-JUL-UK | P8: =LEFT(O8,2) -> 19 | Q8: =RIGHT(O8,2) -> UK | R8: =MID(Dataset!O8,4,3) -> JUL
A9: 23-AUG-UK | B9: Blender | C9: Ninja | D9: 90 | E9: 35 | F9: Kitchen | I9: Number of the products | J9: =COUNT(E:E) -> 34 | L9: 90 | M9: =IF(Dataset!L9>=500,"high price","standard price") -> standard price | O9: 23-AUG-UK | P9: =LEFT(O9,2) -> 23 | Q9: =RIGHT(O9,2) -> UK | R9: =MID(Dataset!O9,4,3) -> AUG
A10: 05-SEP-UK | B10: Tablet | C10: Apple | D10: 500 | E10: 50 | F10: Electronics | L10: 500 | M10: =IF(Dataset!L10>=500,"high price","standard price") -> high price | O10: 05-SEP-UK | P10: =LEFT(O10,2) -> 05 | Q10: =RIGHT(O10,2) -> UK | R10: =MID(Dataset!O10,4,3) -> SEP
A11: 14-OCT-UK | B11: Hiking Boots | C11: Timberland | D11: 130 | E11: 10 | F11: Outdoor | I11: Average price of the products | J11: =AVERAGEA(D:D) -> 288.57143 | L11: 130 | M11: =IF(Dataset!L11>=500,"high price","standard price") -> standard price | O11: 14-OCT-UK | P11: =LEFT(O11,2) -> 14 | Q11: =RIGHT(O11,2) -> UK | R11: =MID(Dataset!O11,4,3) -> OCT
A12: 17-JUN-IN | B12: Laptop | C12: HP | D12: 950 | E12: 25 | F12: Electronics | L12: 950 | M12: =IF(Dataset!L12>=500,"high price","standard price") -> high price | O12: 17-JUN-IN | P12: =LEFT(O12,2) -> 17 | Q12: =RIGHT(O12,2) -> IN | R12: =MID(Dataset!O12,4,3) -> JUN
A13: 25-NOV-AU | B13: Sneakers | C13: Adidas | D13: 90 | E13: 40 | F13: Fashion | I13: Minimum price of the products | J13: =MIN(D:D) -> 30 | L13: 90 | M13: =IF(Dataset!L13>=500,"high price","standard price") -> standard price | O13: 25-NOV-AU | P13: =LEFT(O13,2) -> 25 | Q13: =RIGHT(O13,2) -> AU | R13: =MID(Dataset!O13,4,3) -> NOV
A14: 08-DEC-DE | B14: Coffee Maker | C14: Nespresso | D14: 120 | E14: 35 | F14: Kitchen | L14: 120 | M14: =IF(Dataset!L14>=500,"high price","standard price") -> standard price | O14: 08-DEC-DE | P14: =LEFT(O14,2) -> 08 | Q14: =RIGHT(O14,2) -> DE | R14: =MID(Dataset!O14,4,3) -> DEC
A15: 18-FEB-CA | B15: Smartwatch | C15: Fitbit | D15: 150 | E15: 15 | F15: Electronics | I15: Maximum price of the products | J15: =MAX(L:L) -> 1000 | L15: 150 | M15: =IF(Dataset!L15>=500,"high price","standard price") -> standard price | O15: 18-FEB-CA | P15: =LEFT(O15,2) -> 18 | Q15: =RIGHT(O15,2) -> CA | R15: =MID(Dataset!O15,4,3) -> FEB
A16: 16-APR-ES | B16: Headphones | C16: Bose | D16: 250 | E16: 20 | F16: Electronics | L16: 250 | M16: =IF(Dataset!L16>=500,"high price","standard price") -> standard price | O16: 16-APR-ES | P16: =LEFT(O16,2) -> 16 | Q16: =RIGHT(O16,2) -> ES | R16: =MID(Dataset!O16,4,3) -> APR
A17: 21-AUG-CA | B17: Laptop Bag | C17: Samsonite | D17: 50 | E17: 35 | F17: Accessories | I17: Total price of products in the electroics | J17: =SUMIF(F2:F35,"electronics",D2:D35) -> 8050 | L17: 50 | M17: =IF(Dataset!L17>=500,"high price","standard price") -> standard price | O17: 21-AUG-CA | P17: =LEFT(O17,2) -> 21 | Q17: =RIGHT(O17,2) -> CA | R17: =MID(Dataset!O17,4,3) -> AUG
A18: 20-AUG-CN | B18: Smartwatch | C18: Huawei | D18: 160 | E18: 15 | F18: Electronics | L18: 160 | M18: =IF(Dataset!L18>=500,"high price","standard price") -> standard price | O18: 20-AUG-CN | P18: =LEFT(O18,2) -> 20 | Q18: =RIGHT(O18,2) -> CN | R18: =MID(Dataset!O18,4,3) -> AUG
A19: 27-JAN-IT | B19: Laptop | C19: Asus | D19: 980 | E19: 10 | F19: Electronics | I19: No.of products price less than 100 | J19: =COUNTIF(L2:L35,"<100") -> 11 | L19: 980 | M19: =IF(Dataset!L19>=500,"high price","standard price") -> high price | O19: 27-JAN-IT | P19: =LEFT(O19,2) -> 27 | Q19: =RIGHT(O19,2) -> IT | R19: =MID(Dataset!O19,4,3) -> JAN
A20: 01-MAR-UK | B20: Sunglasses | C20: Oakley | D20: 150 | E20: 15 | F20: Fashion | L20: 150 | M20: =IF(Dataset!L20>=500,"high price","standard price") -> standard price | O20: 01-MAR-UK | P20: =LEFT(O20,2) -> 01 | Q20: =RIGHT(O20,2) -> UK | R20: =MID(Dataset!O20,4,3) -> MAR
A21: 14-AUG-US | B21: Camping Tent | C21: Coleman | D21: 200 | E21: 10 | F21: Outdoor | L21: 200 | M21: =IF(Dataset!L21>=500,"high price","standard price") -> standard price | O21: 14-AUG-US | P21: =LEFT(O21,2) -> 14 | Q21: =RIGHT(O21,2) -> US | R21: =MID(Dataset!O21,4,3) -> AUG
A22: 14-MAY-RU | B22: Camera | C22: Nikon | D22: 700 | E22: 50 | F22: Electronics | L22: 700 | M22: =IF(Dataset!L22>=500,"high price","standard price") -> high price | O22: 14-MAY-RU | P22: =LEFT(O22,2) -> 14 | Q22: =RIGHT(O22,2) -> RU | R22: =MID(Dataset!O22,4,3) -> MAY
A23: 09-JAN-CA | B23: Microwave | C23: Panasonic | D23: 80 | E23: 20 | F23: Kitchen | L23: 80 | M23: =IF(Dataset!L23>=500,"high price","standard price") -> standard price | O23: 09-JAN-CA | P23: =LEFT(O23,2) -> 09 | Q23: =RIGHT(O23,2) -> CA | R23: =MID(Dataset!O23,4,3) -> JAN
A24: 19-JUL-BR | B24: Fitness Tracker | C24: Xiaomi | D24: 150 | E24: 30 | F24: Electronics | L24: 150 | M24: =IF(Dataset!L24>=500,"high price","standard price") -> standard price | O24: 19-JUL-BR | P24: =LEFT(O24,2) -> 19 | Q24: =RIGHT(O24,2) -> BR | R24: =MID(Dataset!O24,4,3) -> JUL
A25: 21-AUG-CA | B25: Laptop Bag | C25: Samsonite | D25: 50 | E25: 35 | F25: Accessories | L25: 50 | M25: =IF(Dataset!L25>=500,"high price","standard price") -> standard price | O25: 21-AUG-CA | P25: =LEFT(O25,2) -> 21 | Q25: =RIGHT(O25,2) -> CA | R25: =MID(Dataset!O25,4,3) -> AUG
A26: 29-SEP-CA | B26: Smartphone | C26: Google | D26: 800 | E26: 45 | F26: Electronics | L26: 800 | M26: =IF(Dataset!L26>=500,"high price","standard price") -> high price | O26: 29-SEP-CA | P26: =LEFT(O26,2) -> 29 | Q26: =RIGHT(O26,2) -> CA | R26: =MID(Dataset!O26,4,3) -> SEP
A27: 03-JUN-CA | B27: Sunglasses | C27: Ray-Ban | D27: 130 | E27: 25 | F27: Fashion | L27: 130 | M27: =IF(Dataset!L27>=500,"high price","standard price") -> standard price | O27: 03-JUN-CA | P27: =LEFT(O27,2) -> 03 | Q27: =RIGHT(O27,2) -> CA | R27: =MID(Dataset!O27,4,3) -> JUN
A28: 11-JUL-CA | B28: Blender | C28: Vitamix | D28: 400 | E28: 40 | F28: Kitchen | L28: 400 | M28: =IF(Dataset!L28>=500,"high price","standard price") -> standard price | O28: 11-JUL-CA | P28: =LEFT(O28,2) -> 11 | Q28: =RIGHT(O28,2) -> CA | R28: =MID(Dataset!O28,4,3) -> JUL
A29: 16-APR-ES | B29: Headphones | C29: Bose | D29: 230 | E29: 20 | F29: Electronics | L29: 230 | M29: =IF(Dataset!L29>=500,"high price","standard price") -> standard price | O29: 16-APR-ES | P29: =LEFT(O29,2) -> 16 | Q29: =RIGHT(O29,2) -> ES | R29: =MID(Dataset!O29,4,3) -> APR
A30: 07-MAR-CA | B30: Dress | C30: Zara | D30: 60 | E30: 30 | F30: Fashion | L30: 60 | M30: =IF(Dataset!L30>=500,"high price","standard price") -> standard price | O30: 07-MAR-CA | P30: =LEFT(O30,2) -> 07 | Q30: =RIGHT(O30,2) -> CA | R30: =MID(Dataset!O30,4,3) -> MAR
A31: 13-APR-CA | B31: Toaster | C31: Hamilton | D31: 40 | E31: 10 | F31: Kitchen | L31: 40 | M31: =IF(Dataset!L31>=500,"high price","standard price") -> standard price | O31: 13-APR-CA | P31: =LEFT(O31,2) -> 13 | Q31: =RIGHT(O31,2) -> CA | R31: =MID(Dataset!O31,4,3) -> APR
... A35: 09-JUL-FR | B35: Watch | C35: Casio | D35: 100 | E35: 20 | F35: Accessories | L35: 100 | M35: =IF(Dataset!L35>=500,"high price","standard price") -> standard price | O35: 09-JUL-FR | P35: =LEFT(O35,2) -> 09 | Q35: =RIGHT(O35,2) -> FR | R35: =MID(Dataset!O35,4,3) -> JUL

Sheet Instructions
A1: Perform the following in the dataset from the 'Dataset' sheet.
B3: 1) Sum, Count, Average:
C4: • What is the total price of all products in the dataset?
C5: • How many products are there in the dataset?
C6: • Calculate the average price of the products.
B8: 2) Min and Max:
C9: • Determine the minimum price among all products.
C10: • Find the maximum price among all products.
B12: 3) IF Function:
C13: • Using an IF function, create a new column named Price Range to categorize products with a price greater than or equal to $500 as 'High Price' and others as 'Standard Price'.
B15: 4) SUMIF and COUNTIF:
C16: • Calculate the total price for products in the 'Electronics' category using the SUMIF function.
C17: • Determine the count of products with a price less than $100 using the COUNTIF function.
B19: 5) Text Formatting - LEFT, RIGHT, MID:
C20: • Create a new column named Day with the first 2 characters of each 'Product ID' using the LEFT function.
C21: • Create a new column named Country Code by extracting the last 2 characters from the 'Product ID' column using the RIGHT function.
C22: • Create a new column named Month by extracting 4th to 6th characters from the 'Product ID' column using the MID function.
